{
  "color": {
    "bg": {
      "value": "#07090B"
    },
    "surface": {
      "value": "#0D1117"
    },
    "card": {
      "value": "#0F1520"
    },
    "text": {
      "value": "#E6F1E8"
    },
    "muted": {
      "value": "#93A29B"
    },
    "primary": {
      "value": "#16A34A"
    },
    "accent": {
      "value": "#22D3EE"
    },
    "danger": {
      "value": "#EF4444"
    },
    "success": {
      "value": "#10B981"
    }
  },
  "radius": {
    "lg": {
      "value": "14px"
    },
    "xl": {
      "value": "20px"
    },
    "2xl": {
      "value": "28px"
    }
  },
  "spacing": {
    "100": {
      "value": "8px"
    },
    "200": {
      "value": "12px"
    },
    "300": {
      "value": "16px"
    },
    "400": {
      "value": "24px"
    },
    "500": {
      "value": "32px"
    },
    "600": {
      "value": "40px"
    }
  },
  "typography": {
    "fontFamily": {
      "value": "Inter, system-ui, Arial, sans-serif"
    }
  }
}