{
  "colors": {
    "bg": "var(--color-bg)",
    "surface": "var(--color-surface)",
    "card": "var(--color-card)",
    "text": "var(--color-text)",
    "muted": "var(--color-muted)",
    "primary": "var(--color-primary)",
    "accent": "var(--color-accent)",
    "danger": "var(--color-danger)",
    "success": "var(--color-success)"
  },
  "spacing": {
    "100": "8px",
    "200": "12px",
    "300": "16px",
    "400": "24px",
    "500": "32px",
    "600": "40px"
  },
  "borderRadius": {
    "lg": "var(--radius-lg)",
    "xl": "var(--radius-xl)",
    "2xl": "var(--radius-2xl)"
  },
  "fontFamily": {
    "sans": "Inter, system-ui, Arial, sans-serif"
  }
}